<?xml version="1.0" encoding="UTF-8"?>
<!DOCTYPE mapper PUBLIC "-//mybatis.org//DTD Mapper 3.0//EN" "http://mybatis.org/dtd/mybatis-3-mapper.dtd">
<mapper namespace="net.lab1024.smartadmin.module.business.paper.dao.PaperDao">
	
	<!-- IPage<PaperVo> queryByPage(Page page, @Param("queryDTO") PaperQueryDTO queryDTO); -->
     <!-- <resultMap id="PaperVO" type="net.lab1024.smartadmin.module.business.paper.domain.vo.PaperVO"></resultMap> -->

    <!-- <select id="queryByPage" resultMap="PaperVO"> -->
    <select id="queryByPage" resultType="net.lab1024.smartadmin.module.business.paper.domain.vo.PaperVo">
        select
          state,
          paper_Number,
          issuer,
          issue_Date_Time,
          face_Value,
          maturity_Date_Time,
          owner
        from t_paper
        <where>
            <if test="queryDTO.state != null">
                AND INSTR(state,#{queryDTO.state})
            </if>
            
            <if test="queryDTO.paperNumber != null and queryDTO.paperNumber != ''">
                AND INSTR(paper_Number,#{queryDTO.paperNumber})
            </if>
            
            <if test="queryDTO.issuer != null and queryDTO.issuer != ''">
                AND INSTR(issuer,#{queryDTO.issuer})
            </if>
            
             <if test="queryDTO.issueDateTimeBegin != null ">
                AND issue_Date_Time &gt;= #{queryDTO.issueDateTimeBegin}
            </if>
            <if test="queryDTO.issueDateTimeEnd != null ">
                AND issue_Date_Time &lt;= #{queryDTO.issueDateTimeEnd}
            </if> 
			
			<if test="queryDTO.faceValue != null and queryDTO.faceValue != ''">
				AND face_Value = #{queryDTO.faceValue}
			</if>
			
            <if test="queryDTO.maturityDateTimeBegin != null ">
                AND maturity_Date_Time &gt;= #{queryDTO.maturityDateTimeBegin}
            </if>
            <if test="queryDTO.maturityDateTimeEnd != null ">
                AND maturity_Date_Time &lt;= #{queryDTO.maturityDateTimeEnd}
            </if> 
            
            <if test="queryDTO.owner != null and queryDTO.owner != ''">
                AND INSTR(owner,#{queryDTO.owner})
            </if>
        </where>
    </select> 


	<!--    public void insert(City city);-->
<!--    <insert id="insert" useGeneratedKeys="true" keyProperty="id">-->
<!--        insert into  city(`name`,`state`,`country`) values(#{name},#{state},#{country})-->
<!--    </insert>-->

	<!-- public void insertPaper(PaperEntity entity); 
	,`issueDateTime` ,#{issueDateTime} ,`maturityDateTime` ,#{maturityDateTime}
	 -->
	<!-- <insert id="insertPaper" >
		insert into t_paper(`state`,`paper_Number`,`issuer`,`face_Value`,`owner`) 
			values(#{state},#{paperNumber},#{issuer},#{faceValue},#{owner})
	</insert> -->
	
	<!-- public void buyByPaperNumber(@Param("entity") PaperEntity entity); -->
 	<update id="tradingByPaperNumber" parameterType="net.lab1024.smartadmin.module.business.paper.domain.entity.PaperEntity">
 		update t_paper 
			 <set>
			
			 <if test="entity.faceValue != null and entity.faceValue != ''"> 
				 face_Value = #{entity.faceValue,jdbcType=INTEGER},
			 </if> 
  
            <if test="entity.owner != null and entity.owner != ''">
                 owner = #{entity.owner},
            </if>
            <if test="entity.state != null and entity.state != ''">
            	state = 'TRADING'
            </if>
 			</set>
 			WHERE paper_Number=#{entity.paperNumber}
	</update>
 	
 	<!-- public void redeemByPaperNumber(@Param("entity") PaperEntity entity); -->
 	<update id="redeemByPaperNumber" parameterType="net.lab1024.smartadmin.module.business.paper.domain.entity.PaperEntity">
 		update t_paper 
 			<set>
 			<if test="entity.state == 'ISSUED' or
 				entity.state == 'TRADING' ">
 				state = 'REDEEMED',
 				owner = #{entity.issuer}
 			</if>
 					
 			</set>
 			WHERE paper_Number=#{entity.paperNumber}
 				
 	</update>
 
 
</mapper>